-- phpMyAdmin SQL Dump
-- version 4.6.4
-- https://www.phpmyadmin.net/
--
-- Host: 127.0.0.1
-- Generation Time: Aug 15, 2017 at 10:32 AM
-- Server version: 5.7.14
-- PHP Version: 5.6.25

SET SQL_MODE = "NO_AUTO_VALUE_ON_ZERO";
SET time_zone = "+00:00";


/*!40101 SET @OLD_CHARACTER_SET_CLIENT=@@CHARACTER_SET_CLIENT */;
/*!40101 SET @OLD_CHARACTER_SET_RESULTS=@@CHARACTER_SET_RESULTS */;
/*!40101 SET @OLD_COLLATION_CONNECTION=@@COLLATION_CONNECTION */;
/*!40101 SET NAMES utf8mb4 */;

--
-- Database: `attendance`
--

-- --------------------------------------------------------

--
-- Table structure for table `checkattendance`
--

CREATE TABLE `checkattendance` (
  `checkAttendanceID` int(11) NOT NULL,
  `studentID` varchar(255) NOT NULL,
  `subjectID` varchar(255) CHARACTER SET utf8 COLLATE utf8_bin NOT NULL,
  `typeAttendanceID` int(11) NOT NULL,
  `attendanceDate` date NOT NULL,
  `attendanceTime` time NOT NULL,
  `attendanceNote` varchar(255) CHARACTER SET utf8 COLLATE utf8_bin NOT NULL,
  `teacherID` int(11) NOT NULL
) ENGINE=MyISAM DEFAULT CHARSET=latin1;

--
-- Dumping data for table `checkattendance`
--

INSERT INTO `checkattendance` (`checkAttendanceID`, `studentID`, `subjectID`, `typeAttendanceID`, `attendanceDate`, `attendanceTime`, `attendanceNote`, `teacherID`) VALUES
(50320, '9573', 'อ31101', 10001, '2017-08-15', '17:09:54', 'หหหห', 40001),
(50319, '9214', 'อ31101', 10001, '2017-08-15', '17:09:54', 'หหหห', 40001),
(50318, '9209', 'อ31101', 10001, '2017-08-15', '17:09:54', 'หหหห', 40001),
(50317, '9046', 'อ31101', 10001, '2017-08-15', '17:09:54', 'หหหห', 40001),
(50316, '9045', 'อ31101', 10001, '2017-08-15', '17:09:54', 'หหหห', 40001),
(50315, '9044', 'อ31101', 10001, '2017-08-15', '17:09:54', 'หหหห', 40001),
(50314, '9043', 'อ31101', 10001, '2017-08-15', '17:09:54', 'หหหห', 40001),
(50313, '9042', 'อ31101', 10001, '2017-08-15', '17:09:54', 'หหหห', 40001),
(50312, '9041', 'อ31101', 10001, '2017-08-15', '17:09:54', 'หหหห', 40001),
(50311, '9039', 'อ31101', 10001, '2017-08-15', '17:09:54', 'หหหห', 40001),
(50310, '9037', 'อ31101', 10001, '2017-08-15', '17:09:54', 'หหหห', 40001),
(50309, '9036', 'อ31101', 10001, '2017-08-15', '17:09:54', 'หหหห', 40001),
(50308, '9035', 'อ31101', 10001, '2017-08-15', '17:09:54', 'หหหห', 40001),
(50307, '9034', 'อ31101', 10001, '2017-08-15', '17:09:54', 'หหหห', 40001),
(50306, '9032', 'อ31101', 10001, '2017-08-15', '17:09:54', 'หหหห', 40001),
(50305, '9031', 'อ31101', 10001, '2017-08-15', '17:09:54', 'หหหห', 40001),
(50304, '9030', 'อ31101', 10001, '2017-08-15', '17:09:54', 'หหหห', 40001),
(50303, '9028', 'อ31101', 10001, '2017-08-15', '17:09:54', 'หหหห', 40001),
(50302, '9027', 'อ31101', 10001, '2017-08-15', '17:09:54', 'หหหห', 40001),
(50301, '9026', 'อ31101', 10001, '2017-08-15', '17:09:54', 'หหหห', 40001),
(50300, '9025', 'อ31101', 10001, '2017-08-15', '17:09:54', 'หหหห', 40001),
(50299, '9024', 'อ31101', 10001, '2017-08-15', '17:09:54', 'หหหห', 40001),
(50298, '9023', 'อ31101', 10001, '2017-08-15', '17:09:54', 'หหหห', 40001),
(50297, '9022', 'อ31101', 10001, '2017-08-15', '17:09:54', 'หหหห', 40001),
(50296, '9020', 'อ31101', 10001, '2017-08-15', '17:09:54', 'หหหห', 40001),
(50295, '9019', 'อ31101', 10001, '2017-08-15', '17:09:54', 'หหหห', 40001),
(50294, '9018', 'อ31101', 10001, '2017-08-15', '17:09:54', 'หหหห', 40001),
(50293, '9017', 'อ31101', 10001, '2017-08-15', '17:09:54', 'หหหห', 40001),
(50292, '9016', 'อ31101', 10001, '2017-08-15', '17:09:54', 'หหหห', 40001),
(50291, '9015', 'อ31101', 10001, '2017-08-15', '17:09:54', 'หหหห', 40001),
(50290, '9014', 'อ31101', 10001, '2017-08-15', '17:09:54', 'หหหห', 40001),
(50289, '9013', 'อ31101', 10001, '2017-08-15', '17:09:54', 'หหหห', 40001),
(50288, '9012', 'อ31101', 10001, '2017-08-15', '17:09:54', 'หหหห', 40001),
(50287, '9010', 'อ31101', 10002, '2017-08-15', '17:09:54', 'หหหห', 40001),
(50286, '9008', 'อ31101', 10001, '2017-08-15', '17:09:54', 'หหหห', 40001);

-- --------------------------------------------------------

--
-- Table structure for table `checkinout`
--

CREATE TABLE `checkinout` (
  `studentID` varchar(255) NOT NULL,
  `typeCheckID` int(11) NOT NULL,
  `checkIn` time NOT NULL,
  `checkOut` time NOT NULL,
  `checkInOutID` int(11) NOT NULL
) ENGINE=MyISAM DEFAULT CHARSET=latin1;

-- --------------------------------------------------------

--
-- Table structure for table `class`
--

CREATE TABLE `class` (
  `classID` int(11) NOT NULL,
  `class` varchar(5) NOT NULL
) ENGINE=MyISAM DEFAULT CHARSET=latin1;

--
-- Dumping data for table `class`
--

INSERT INTO `class` (`classID`, `class`) VALUES
(101, '1/1'),
(102, '1/2'),
(103, '1/3'),
(104, '1/4'),
(105, '1/5'),
(106, '1/6'),
(201, '2/1'),
(202, '2/2'),
(203, '2/3'),
(204, '2/4'),
(205, '2/5'),
(206, '2/6'),
(301, '3/1'),
(302, '3/2'),
(303, '3/3'),
(304, '3/4'),
(305, '3/5'),
(306, '3/6'),
(401, '4/1'),
(402, '4/2'),
(403, '4/3'),
(404, '4/4'),
(405, '4/5'),
(501, '5/1'),
(502, '5/2'),
(503, '5/3'),
(504, '5/4'),
(505, '5/5'),
(601, '6/1'),
(602, '6/2'),
(603, '6/3'),
(604, '6/4'),
(605, '6/5');

-- --------------------------------------------------------

--
-- Table structure for table `student`
--

CREATE TABLE `student` (
  `studentID` varchar(255) NOT NULL,
  `studentName` varchar(255) CHARACTER SET utf8 COLLATE utf8_bin NOT NULL,
  `studentLastname` varchar(255) CHARACTER SET utf8 COLLATE utf8_bin NOT NULL,
  `classID` int(11) NOT NULL
) ENGINE=MyISAM DEFAULT CHARSET=latin1;

--
-- Dumping data for table `student`
--

INSERT INTO `student` (`studentID`, `studentName`, `studentLastname`, `classID`) VALUES
('9594', 'เด็กหญิงชนกนันท์', 'สกุลโพน', 101),
('9595', 'เด็กชายณัฐดนัย', 'นวนเปียน', 101),
('9596', 'เด็กชายณัฐนันท์', 'ทัศนาบูรณ์', 101),
('9597', 'เด็กชายพงศพัศ', 'พิเดช', 101),
('9598', 'เด็กชายพีระวัสส์', 'วิไชยเดช', 101),
('9599', 'เด็กชายวรัตถ์เอก', 'สุขแท้', 101),
('9600', 'เด็กชายศุภณัฐ', 'เต็มพร้อม', 101),
('9601', 'เด็กชายเอกรินทร์', 'คงมาก', 101),
('9602', 'เด็กหญิงกัญญ์วรา', 'ชามน้อย', 101),
('9603', 'เด็กหญิงชนรดี', 'มีมาก', 101),
('9604', 'เด็กหญิงชนากานต์', 'ชูวิเชียร', 101),
('9605', 'เด็กหญิงชาลิสา', 'คชศิริพงษ์', 101),
('9606', 'เด็กหญิงณัฐธิดา', 'คิมนารักษ์', 101),
('9607', 'เด็กหญิงณัฐริษา', 'สุพรรณ์', 101),
('9608', 'เด็กหญิงณัฐวรรณ', 'สร้อยเพชร', 101),
('9609', 'เด็กหญิงทัณฑิมา', 'เพ็งดำ', 101),
('9610', 'เด็กหญิงธัญวดี', 'ดารารัตน์', 101),
('9611', 'เด็กหญิงธิติมา', 'วรรณพัฒน์', 101),
('9612', 'เด็กหญิงปภาวรินท์', 'เสารัญ', 101),
('9613', 'เด็กหญิงพราวพัชรา', 'เมาลีกุล', 101),
('9614', 'เด็กหญิงพุธิตา', 'ชูชีพ', 101),
('9615', 'เด็กหญิงภัทรธิดา', 'แซ่อึ๊ง', 101),
('9616', 'เด็กหญิงรัญชิดา', 'วงศ์สุวรรณโรจ', 101),
('9617', 'เด็กหญิงลินภัทร', 'ปรีชา', 101),
('9618', 'เด็กหญิงศุภาพิชญ์', 'ไทรจีน', 101),
('9619', 'เด็กหญิงสุนันทา', 'ขุนธน', 101),
('9620', 'เด็กหญิงอรวรรณ', 'นวลไทย', 101),
('9621', 'เด็กหญิงอลิชา', 'อินทร์สุวรรณ์', 101),
('9622', 'เด็กหญิงเอมิสา', 'อินทสด', 101),
('9623', 'เด็กชายกิตตินันท์', 'สุขกรง', 102),
('9624', 'เด็กชายณัฐวรรธน์', 'แก้วอำรัตน์', 102),
('9625', 'เด็กชายธนายุทธ', 'ทองรักษ์', 102),
('9626', 'เด็กชายภูบดี', 'อินกองงาม', 102),
('9627', 'เด็กชายไรวิน', 'กระสินธุ์', 102),
('9628', 'เด็กชายสรยุทธ', 'โพธิ์ปลอด', 102),
('9629', 'เด็กหญิงกนกณรรฐ', 'ภูเพชร', 102),
('9630', 'เด็กหญิงกานทิดา', 'จันทร์รักษณ์', 102),
('9631', 'เด็กหญิงเกตศรา', 'ถิ่นน้อย', 102),
('9632', 'เด็กหญิงจิรวรรณ', 'เลาลาศ', 102),
('9633', 'เด็กหญิงจิรัชยา', 'สุขสาลี', 102),
('9634', 'เด็กหญิงจีระนันท์', 'พูดเพราะ', 102),
('9635', 'เด็กหญิงฉันชนก', 'ยินดี', 102),
('9636', 'เด็กหญิงชนิกานต์', 'วิรุณ', 102),
('9637', 'เด็กหญิงณราทิพย์', 'เพชรมาก', 102),
('9638', 'เด็กหญิงณัฐณิชา', 'แทนกุล', 102),
('9639', 'เด็กหญิงดุสิตา', 'พัฒนรักษ์', 102),
('9640', 'เด้กหญิงนภัสกร', 'แซ่จั้ง', 102),
('9641', 'เด็กหญิงนภัสนันท์', 'แข็งมาก', 102),
('9642', 'เด็กหญิงนันทิกานต์', 'ด่านลาเคน', 102),
('9643', 'เด็กหญิงน้ำเพชร', 'ลาภสาร', 102),
('9644', 'เด็กหญิงพิมพิศา', 'โรมรัน', 102),
('9645', 'เด็กหญิงวนิดา', 'หนูเอียด', 102),
('9646', 'เด็กหญิงวริศรา', 'อินทกรูด', 102),
('9647', 'เด็กหญิงวลาวรรณ', 'ช่วยนุสนธ์', 102),
('9648', 'เด็กหญิงวิไลนุช', 'ช่วยเพ็ง', 102),
('9649', 'เด็กหญิงศศิกานต์', 'เจือจุล', 102),
('9650', 'เด็กหญิงสิรินภา', 'จันทร์แก้ว', 102),
('9651', 'เด็กหญิงอธิติยา', 'อนุรส', 102),
('9652', 'เด็กหญิงอภิสรา', 'เชาวนา', 102),
('9653', 'เด็กชายกฤษณะชัย', 'เอี่ยมจินดา', 103),
('9654', 'เด็กชายกษิดิศ  ', 'พิทักษ์', 103),
('9655', 'เด็กชายจักรพงศ์', 'คงจูด', 103),
('9656', 'เด็กชายธนวันต์', 'สมบัติวงศ์', 103),
('9657', 'เด็กชายนันทวัฒน์', 'ชุมทอง', 103),
('9658', 'เด็กชายนิติ', 'สิงห์เชาว์', 103),
('9659', 'เด็กชายภูริภัทร', 'แซ่อึ๊ง', 103),
('9660', 'เด็กชายเมธาวิน', 'บัวเพชร', 103),
('9661', 'เด็กชายศิริวิทย์', 'ถุงทอง', 103),
('9662', 'เด็กชายสหพล', 'ศรีสุข', 103),
('9663', 'เด็กชายอนุวัฒน์', 'หันจางสิทธิ์', 103),
('9664', 'เด็กหญิงกนกวรรณ', 'อนุมาศ', 103),
('9665', 'เด็กหญิงกัลญา', 'ธานีรัตน์', 103),
('9666', 'เด็กหญิงเกศรา', 'ภูการุณย์', 103),
('9667', 'เด็กหญิงจิรนันท์', 'สมบัติบุญ', 103),
('9668', 'เด็กหญิงจิราวรรณ', 'คุ้มอินทร์', 103),
('9669', 'เด็กหญิงณัฐกานต์', 'เจียมใจ', 103),
('9670', 'เด็กหญิงณัฐสุดา', 'สุทธิรัตน์', 103),
('9671', 'เด็กหญิงนงนภัส', 'แย้มยิ่งยง', 103),
('9672', 'เด็กหญิงประภาพรรณ', 'ศรีวิสุทธิ์', 103),
('9673', 'เด็กหญิงปริตา', 'คิลธร', 103),
('9674', 'เด็กหญิงปรีญาดา', 'ศรีหะมงคล', 103),
('9675', 'เด็กหญิงพรพิมล', 'อินทะมู', 103),
('9676', 'เด็กหญิงพรไพลิน', 'พิมพ์ลอย', 103),
('9677', 'เด็กหญิงยุวดา', 'พรหมฤทธิ์', 103),
('9678', 'เด็กหญิงรัชณีย์', 'มีศรี', 103),
('9679', 'เด็กหญิงรุ่งวิลาวรรณ', 'วงค์พิพัรธ์', 103),
('9680', 'เด็กหญิงลลิตภัทร', 'พิบูลย์', 103),
('9681', 'เด็กหญิงลักขณา', 'วัชนะ', 103),
('9682', 'เด็กหญิงลัดดาวรรณ', 'แขวงเสวียด', 103),
('9683', 'เด็กหญิงวราพร', 'นวลชาวนา', 103),
('9684', 'เด็กหญิงวัลภา', 'เพชระ', 103),
('9685', 'เด็กหญิงศศิธร', 'ยอดแก้ว', 103),
('9686', 'เด็กหญิงศิริลักษณ์', 'คงเพชรศักดิ์', 103),
('9687', 'เด็กหญิงสุดารัตน์', 'กระบิล', 103),
('9688', 'เด็กหญิงสุทธิดา', 'สลัดแก้ว', 103),
('9689', 'เด็กหญิงสุภาวดี', 'เปรมปรีดิ์', 103),
('9690', 'เด็กหญิงสุวิชาดา', 'ชุมมี', 103),
('9691', 'เด็กหญิงหฤทชนัน', 'แก้วกรอ', 103),
('9692', 'เด็กหญิงหฤทย์ชญา', 'แก้วกรอ', 103),
('9693', 'เด้กหญิงอรษา', 'มณีฉาย', 103),
('9694', 'เด็กหญิงอาทิตยา', 'จันดี', 103),
('9695', 'เด็กหญิงไอยลดา', 'ปานแก้ว', 103),
('9696', 'เด็กชายคณิศร', 'พัฒชู', 104),
('9697', 'เด็กชายจักริน', 'ชำนาญ', 104),
('9698', 'เด็กชายฉัตรนรินทร์', 'ถิ่นมะเดื่อ', 104),
('9699', 'เด็กชายณภัทร', 'ชูศรี', 104),
('9700', 'เด็กชายณัชฐปกรณ์', 'แก้วมี', 104),
('9701', 'เด็กชายธนธน', 'ขุนธน', 104),
('9702', 'เด็กชายธีรภัทร', 'แพ่งรักษ์', 104),
('9703', 'เด็กชายธีระศักดิ์', 'พุทธะสิน', 104),
('9704', 'เด็กชายนนทพัทธ์', 'เพ็ชระ', 104),
('9705', 'เด็กชายปริญญา', 'ชูรักษ์', 104),
('9706', 'เด้กชายพงศกร', 'ชุมมี', 104),
('9707', 'เด็กชายพงษ์วิศิษฐ์', 'คำบุราณ', 104),
('9708', 'เด็กชายพิพัฒพงษ์', 'แก้วเกลี้ยง', 104),
('9709', 'เด็กชายภานุกร', 'สุนทรสำราญ', 104),
('9710', 'เด็กชายภานุพงษ์', 'ทองวิเศษ', 104),
('9711', 'เด็กชายภานุพงษ์', 'ชูอ่อน', 104),
('9712', 'เด็กชายวิรุฬห์', 'จันทร์นวล', 104),
('9713', 'เด็กชายศิรวิทย์  ', 'ลอยจันทึก', 104),
('9714', 'เด็กชายศุภโชค', 'มิตทสาร', 104),
('9715', 'เด็กชายสุทิวัส', 'สุภากร', 104),
('9716', 'เด็กชายเอกราช', 'ศรีกลับ', 104),
('9717', 'เด็กหญิงกนกวรรณ', 'รัตนมณี', 104),
('9718', 'เด็กหญิงกลิกา', 'โชติกมาศ', 104),
('9719', 'เด็กหญิงกัณฐิกา', 'วงค์กล่อม', 104),
('9720', 'เด็กหญิงขนิษฐา', 'เกิดขาว', 104),
('9721', 'เด็กหญิงชาลิสา', 'รักชาติ', 104),
('9722', 'เด็กหญิงชุติมา', 'แก้วพฤกษ์', 104),
('9723', 'เด็กหญิงญดาพร', 'ยวงโพธิ์', 104),
('9724', 'เด็กหญิงณัฏฐิมา', 'สังข์พราหมณ์', 104),
('9725', 'เด็กหญิงณัฐณิตา', 'ชัยนาคิน', 104),
('9726', 'เด็กหญิงณาตาชา', 'ใจหนักดี', 104),
('9727', 'เด็กหญิงธมลวรรณ', 'พยุหะ', 104),
('9728', 'เด็กหญิงปาจรีย์', 'เพ็งสกุล', 104),
('9729', 'เด็กหญิงพรนภัส', 'วันดาว', 104),
('9730', 'เด็กหญิงพัชราภรณ์', 'เมืองประเทศ', 104),
('9731', 'เด็กหญิงมณธิชา', 'รักธรรม', 104),
('9732', 'เด็กหญิงรุ่งอรุณ', 'แก้วนิล', 104),
('9733', 'เด็กหญิงลลิภัทร', 'มิตทสาร', 104),
('9734', 'เด็กหญิงวรัญญา', 'ปานทอง', 104),
('9735', 'เด็กหญิงศรัณย์พร', 'บุตรดิพรรณ์', 104),
('9736', 'เด็กหญิงสิรามล', 'สุระกา', 104),
('9737', 'เด็กหญิงสุนิศา', 'วิรุณ', 104),
('9738', 'เด็กหญิงสุนิษา', 'อินทวงค์', 104),
('9739', 'เด็กหญิงอภิรดี', 'แก้วศรีมล', 104),
('9740', 'เด็กชายกฤษฎา', 'มณีโชติ', 105),
('9741', 'เด็กชายกิติศักดิ์', 'ขุนศรี', 105),
('9742', 'เด็กชายเกริกเดช', 'คะเณย์', 105),
('9743', 'เด็กชายเกียรติศักดิ์', 'แซ่ว่อง', 105),
('9744', 'เด็กชายณัฐภูมินทร์', 'ฉิมปากแพรก', 105),
('9745', 'เด็กชายธนกฤต', 'คุ้มอินทร์', 105),
('9746', 'เด็กชายธนภัทร', 'แก้วอำรัตน์', 105),
('9747', 'เด็กชายนพรัตน์', 'นุ่นทอง', 105),
('9748', 'เด็กชายปริญญา', 'แก้วขาว', 105),
('9749', 'เด็กชายพงษ์พิพัฒน์', 'อินทร์จันทร์', 105),
('9750', 'เด็กชายภราดร', 'ชูวงษ์', 105),
('9751', 'เด็กชายภูริวัฒน์', 'คำแหง', 105),
('9752', 'เด็กชายมินทร์ฐดา', 'แซ่จุง', 105),
('9753', 'เด็กชายเมษเมธี', 'ทองเฝือ', 105),
('9754', 'เด็กชายยุทธนา', 'มิทสาร', 105),
('9755', 'เด็กชายวัสนะ', 'สายน้ำใส', 105),
('9756', 'เด็กชายวีรพัฒน์', 'ชูเพ็ชร', 105),
('9757', 'เด็กชายศุภณัฐ', 'แซ่เซ็ม', 105),
('9758', 'เด็กชายสยมพร', 'จันทร์บัว', 105),
('9759', 'เด็กชายสรศักดิ์', 'สุดลึก', 105),
('9760', 'เด็กชายสหพันธ์', 'แรกรุ่น', 105),
('9761', 'เด็กชายสุเมธ', 'วัดเพชร', 105),
('9762', 'เด็กชายสุรยุทธ', 'ภาวงศ์', 105),
('9763', 'เด็กชายอนันตชัย', 'รักชิตร', 105),
('9764', 'เด็กชายอภิรักษ์', 'สัมฤทธิ์', 105),
('9765', 'เด็กหญิงกชกร', 'สุขศรี', 105),
('9766', 'เด็กหญิงกนกวรรณ', 'ชำนินวล', 105),
('9767', 'เด็กหญิงกรรณิกา', 'แซ่จั้ง', 105),
('9768', 'เด็กหญิงชนาธินาถ', 'ภูสมแสง', 105),
('9769', 'เด็กหญิงชาลิสา', 'จินดาเดช', 105),
('9770', 'เด็กหญิงทิพย์วิมล', 'จันทร์มณี', 105),
('9771', 'เด็กหญิงธิดาพร', 'สุวรรณวงศ์', 105),
('9772', 'เด็กหญิงป้อมเพชร', 'วิริยะนันทวงศ์', 105),
('9773', 'เด็กหญิงภัทราพร', 'นาคสวาท', 105),
('9774', 'เด็กหญิงวิรัญญา', 'ชิงโส', 105),
('9775', 'เด็กหญิงวิสสุตา', 'สวัสดิ์โกมล', 105),
('9776', 'เด็กหญิงสุจิตรา', 'ขวดแก้ว', 105),
('9777', 'เด็กหญิงสุทธญาณ์', 'จรดำ', 105),
('9778', 'เด็กหญิงสุนิสา', 'เชาวนา', 105),
('9779', 'เด็กหญิงสุวภัทร', 'กลับแก้ว', 105),
('9780', 'เด็กหญิงหนึ่งฤทัย', 'จรูญรัตน์', 105),
('9781', 'เด็กหญิงอติกานต์', 'คำคง', 105),
('9782', 'เด็กหญิงอภิสรา', 'ไฉยาจิตร', 105),
('9783', 'เด็กหญิงอัจฉรานันท์', 'ธรรมฉันธะ', 105),
('9784', 'เด็กชายกีรติ', 'หงษ์ทอง', 106),
('9785', 'เด็กชายจักรกฤษณ์', 'เดชมณี', 106),
('9786', 'เด็กชายฐานัส', 'หอมแก้ว', 106),
('9787', 'เด็กชายณัฐพล', 'ทับทิมหิน', 106),
('9788', 'เด็กชายเทพอมร', 'พายุหะ', 106),
('9789', 'เด็กชายนัทธพงศ์', 'ชนะยุทธ', 106),
('9790', 'เด็กชายนิติชัย', 'ถิ่นมะเดื่อ', 106),
('9791', 'เด็กชายปฏิภาณ', 'ชูเกื้อ', 106),
('9792', 'เด็กชายประกฤษฎิ์', 'พรหมเสวียด', 106),
('9793', 'เด็กชายพลพล', 'มิ่งสงค์', 106),
('9794', 'เด็กชายเพทาย', 'แย้มมณี', 106),
('9795', 'เด็กชายภัทรวิชช์', 'คุ้มประยูร', 106),
('9796', 'เด็กชายภานุมาศ', 'แก้วบางพระ', 106),
('9797', 'เด็กชายภานุวัช', 'ขันหะ', 106),
('9798', 'เด็กชายภีรภัทร', 'จุลเพชร', 106),
('9799', 'เด็กชายภูริณัฐ', 'กิ้มงาม', 106),
('9800', 'เด็กชายเมธัส', 'พิมพ์สร', 106),
('9801', 'เด็กชายรัชชานนท์', 'สว่างศรี', 106),
('9802', 'เด็กชายสรยุทธ', 'สังข์น้อย', 106),
('9803', 'เด็กชายสิริพงศ์', 'ปานศิริ', 106),
('9804', 'เด็กชายสุขสวัสดิ์', 'ชิงโส', 106),
('9805', 'เด็กชายสุทธิภัทร', 'หนูปลอด', 106),
('9806', 'เด็กชายอัมรินทร์', 'จัตุมิตร', 106),
('9807', 'เด็กชายอาทิตย์', 'สุทธิ์เนตร', 106),
('9808', 'เด็กชายเอกรัตน์', 'จันทร์สว่าง', 106),
('9809', 'เด็กหญิงกนกวรรณ', 'แซ่เค้า', 106),
('9810', 'เด็กหญิงจิราวรรณ', 'พรหมเสน', 106),
('9811', 'เด็กหญิงจุฑามาส', 'ทิพย์สวัสดิ์', 106),
('9812', 'เด็กหญิงญาณิศา', 'วีระพรจิตติ', 106),
('9813', 'เด็กหญิงฐิตินันท์', 'กลิ่นน้อย', 106),
('9814', 'เด็กหญิงณัฏฐาวรรณ', 'สังข์พราหมณ์', 106),
('9815', 'เด็กหญิงธมลวรรณ', 'พิมาทัย', 106),
('9816', 'เด็กหญิงธิดามาศ', 'ดาษดา', 106),
('9817', 'เด็กหญิงนภัสสร', 'นวลวัฒน์', 106),
('9818', 'เด็กหญิงปาริชาติ', 'แป้นแก้ว', 106),
('9819', 'เด็กหญิงพรชิตา ', 'สุขแก้ว', 106),
('9820', 'เด็กหญิงรุ่งไพลิน', 'ทองประเสริฐ', 106),
('9821', 'เด็กหญิงวาสนา', 'ใจงาม', 106),
('9822', 'เด็กหญิงวิชชุดา', 'ชิงโส', 106),
('9823', 'เด็กหญิงสิรภัทร', 'เดชะพันธ์', 106),
('9824', 'เด็กหญิงสุรางคนา', 'วงษ์นุ่น', 106),
('9825', 'เด็กหญิงอาทิตยา', 'คำแก้ว', 106),
('9826', 'เด็กหญิงอารีรัตน์', 'ยศสกุลสิริชัย', 106),
('9827', 'เด็กชายกฤษฎา', 'ธรฤทธิ์', 107),
('9828', 'เด็กชายคณิศร', 'อภัยสวัสดิ์', 107),
('9829', 'เด็กชายจีระศักดิ์', 'วังคีรี', 107),
('9830', 'เด็กชายฐาปนพงศ์', 'มีชัย', 107),
('9831', 'เด็กชายณัฐวุฒิ', 'ไชยป้อม', 107),
('9832', 'เด็กชายเทพฤทธิ์', 'บาลี', 107),
('9833', 'เด็กชายนิธิกร', 'หวั่งเส้ง', 107),
('9834', 'เด็กชายปิยะพงษ์', 'ไชยคอ', 107),
('9835', 'เด็กชายภานุ', 'จันทะบุตร', 107),
('9836', 'เด็กชายภูพิพัฒน์', 'ปานศิริ', 107),
('9837', 'เด็กชายยุทธศักดิ์', 'แซ่ติ้ว', 107),
('9838', 'เด็กชายศุภณัฐ', 'ฤทธิ์เพ็ชร', 107),
('9839', 'เด็กชายสนธยา', 'แซ่ล้ำ', 107),
('9840', 'เด็กชายสุวรรณโณ', 'เพ็ชระ', 107),
('9841', 'เด็กชายอนาวิล', 'ราชมณี', 107),
('9842', 'เด็กชายอัมรินทร์', 'รัษากิจ', 107),
('9843', 'เด็กชายเอกราช', 'ถิ่นพิบูลย์', 107),
('9844', 'เด็กหญิงกัญญ์วรา', 'หวานสนิท', 107),
('9845', 'เด็กหญิงกัลยา', 'รักษาวงษ์', 107),
('9846', 'เด็กหญิงกานต์ทิตา', 'เกษตราชีวิ', 107),
('9847', 'เด็กหญิงจุฑามาศ', 'นิลเอี่ยม', 107),
('9848', 'เด็กหญิงฐิตาภรณ์', 'ยอดสร้อย', 107),
('9849', 'เด็กหญิงณัฐกฤตา', 'เสือทอง', 107),
('9850', 'เด็กหญิงธนัญญา', 'อาศัย', 107),
('9851', 'เด็กหญิงนิภารัตน์', 'พัฒแดง', 107),
('9852', 'เด็กหญิงปาริชาติ ', 'ชุมเส้ง', 107),
('9853', 'เด็กหญิงภัทรวดี', 'ใจตรง', 107),
('9854', 'เด็กหญิงรัญชิดา', 'มากสี', 107),
('9855', 'เด็กหญิงรัตนภรณ์', 'รักษายศ', 107),
('9856', 'เด็กหญิงรุ่งฤดี', 'หนูนิล', 107),
('9857', 'เด็กหญิงสไบทิพย์', 'จันทร์พุด', 107),
('9858', 'เด็กหญิงสมพงษ์', 'รักษา', 107),
('9859', 'เด็กหญิงสร้อยทิพย์', 'ขันคำ', 107),
('9860', 'เด็กหญิงสิริณญา', 'แก้วมี', 107),
('9861', 'เด็กหญิงสุธามาศ', 'ทาระบา', 107),
('9862', 'เด็กหญิงสุภัสสร', 'โตพงษ์', 107),
('9863', 'เด็กหญิงเสาวณีย์', 'ณะสมบัติ', 107),
('9864', 'เด็กหญิงอฑิตยา', 'บุรีรัตน์', 107),
('9865', 'เด็กหญิงอรพิมล', 'เดชมณี', 107),
('9866', 'เด็กหญิงอัญชลี', 'รัตนศิลป์', 107),
('9867', 'เด็กหญิงอาทิตยา', 'พุฒทอง', 107),
('2890', 'เด็กชายฐิติศักดิ์', 'มีเผือก', 301),
('8891', 'เด็กชายณัฐวุฒิ', 'สุทธิ์เนตร', 301),
('8892', 'เด็กชายปรเมศวร์', 'จันทร์ส่อง', 301),
('8894', 'เด็กชายภาณุเศรษฐ์', 'แก้วกาญจน์', 301),
('8896', 'เด็กชายวารากร', 'ศรีภิรมย์มิตร', 301),
('8897', 'เด็กหญิงกัญญารัตน์', 'ตาสว่าง', 301),
('8898', 'เด็กหญิงกุสาวดี', 'นิลแสง', 301),
('8899', 'เด็กหญิงณัฐวดี', 'ช่วยเลื่อม', 301),
('8900', 'เด็กหญิงทิพรดา', 'อัตศาสตร์', 301),
('8901', 'เด็กหญิงธนภรณ์', 'อุ่นสอน', 301),
('8902', 'เด็กหญิงธนาวดี', 'สุวรรณมณี', 301),
('8903', 'เด็กหญิงธิติมา', 'ชารัตน์', 301),
('8904', 'เด็กหญิงเนตรสกาว', 'หีตเกตุ', 301),
('8905', 'เด็กหญิงเบญจวรรณ', 'เทวกุล', 301),
('8907', 'เด็กหญิงปิยะธิดา', 'วรดิถี', 301),
('8908', 'เด็กหญิงพนาพรรณ', 'พันธ์ภักดี', 301),
('8909', 'เด็กหญิงพัชราภรณ์', 'ดวงแก้ว', 301),
('8910', 'เด็กหญิงพิมพร', 'มีศรี', 301),
('8911', 'เด็กหญิงไพรินทร์', 'ท่อนทอง', 301),
('8912', 'เด็กหญิงยุวดี', 'พรหมฤทธิ์', 301),
('8913', 'เด็กหญิงรัชดาภรณ์', 'พรหมแก้ว', 301),
('8914', 'เด็กหญิงวทันยา', 'เกิดแป้น', 301),
('8915', 'เด็กหญิงวรมน', 'ฐิตะโลหะกุล', 301),
('8916', 'เด็กหญิงวรรณวิสา', 'ผู้ช่วย', 301),
('8917', 'เด็กหญิงวรรณิดา', 'แก้วอำรัตน์', 301),
('8918', 'เด็กหญิงศศิกาญจน์', 'ขำคม', 301),
('8919', 'เด็กหญิงศศิธร', 'พลพิชัย', 301),
('8920', 'เด็กหญิงศิริพร', 'ขาวผ่อง', 301),
('8921', 'เด็กหญิงศิวนาถ', 'นิยม', 301),
('8922', 'เด็กหญิงสลิลทิพย์', 'แก้วประไพ', 301),
('8923', 'เด็กหญิงสิรภัทร', 'จันโท', 301),
('8924', 'เด็กหญิงสุพัตรา', 'ทองใหม่', 301),
('8925', 'เด็กหญิงอทิยดา', 'ทองวิเศษ', 301),
('8927', 'เด็กหญิงอาทิตยา', 'นุ่นแก้ว', 301),
('9560', 'เด็กกชายอดิศักดิ์', 'หนูชิต', 301),
('8928', 'เด็กชายเกียรติศักดิ์', 'หนูเนตร', 302),
('8929', 'เด็กชายคมสรรณ์', 'ทองผดุง', 302),
('8930', 'เด็กชายจตุพร', 'อาวัชนาการ', 302),
('8931', 'เด็กชายณัฐวัตร', 'พรมฤทธิ์', 302),
('8932', 'เด็กชายณัฐวุฒิ', 'สุดจันทร์', 302),
('8933', 'เด็กชายธีรนันทชัย', 'อินทร์สุวรรณ', 302),
('8934', 'เด็กชายธีรภัทร์', 'กุลแก้ว', 302),
('8935', 'เด็กชายปรัชญา', 'ร่วงเหมือน', 302),
('8936', 'เด็กชายพลนัส', 'เชาวนา', 302),
('8937', 'เด็กชายพุทธิพงศ์', 'แช่มชื่น', 302),
('8938', 'เด็กชายมานพ', 'คงวาริน', 302),
('8940', 'เด็กชายศราวุฒิ', 'ฉอำ', 302),
('8942', 'เด็กชายเศกสรรค์', 'อินทรกำเหนิด', 302),
('8943', 'เด็กชายเหมรินทร์', 'เหมรัตนานนท์', 302),
('8944', 'เด็กชายอรรถชัย', 'แข็งกล้า', 302),
('8945', 'เด็กหญิงกัญญารัตน์', 'สร้อยเพชร', 302),
('8946', 'เด็กหญิงจันทร์จิรา', 'ทาระบา', 302),
('8947', 'เด็กหญิงณัชชา', 'สวัสดี', 302),
('8948', 'เด็กหญิงณัฐกฤตา', 'สุขจันทร์', 302),
('8950', 'เด็กหญิงณัฐริกา', 'นิตสมบูรณ์', 302),
('8951', 'เด็กหญิงดาลัด', 'เพ็ชระ', 302),
('8952', 'เด็กหญิงเดือนเพ็ญ', 'ศรีรัตน์', 302),
('8953', 'เด็กหญิงธันยา', 'มีพรมแก้ว', 302),
('8954', 'เด็กหญิงนาฏลดา', 'พัฒน์ฉิม', 302),
('8955', 'เด็กหญิงประภาพร', 'ฤทธิ์ภู', 302),
('8956', 'เด็กหญิงปิยธิดา', 'คล่องดี', 302),
('8957', 'เด็กหญิงพัสตราภรณ์', 'รอดจิตร', 302),
('8958', 'เด็กหญิงกรธนสร', 'เพชรน้อย', 302),
('8959', 'เด็กหญิงโศภิตา', 'จะกอ', 302),
('8960', 'เด็กหญิงสไบทิพย์', 'แซ่กวั่ง', 302),
('8961', 'เด็กหญิงสุพรรษา', 'มีจิตต์', 302),
('8962', 'เด็กหญิงสุภาวดี ', 'ศรีเพชร', 302),
('8963', 'เด็กหญิงอนงลักษณ์', 'จอมพล', 302),
('8964', 'เด็กหญิงอรญา', 'ตรีรินทร์', 302),
('8965', 'เด็กหญิงอรดา', 'แขวงเสวียด', 302),
('8966', 'เด็กหญิงอังคณา', 'ขุนทอง', 302),
('8967', 'เด็กหญิงอุมาภรณ์', 'แก้วอำรัตน์', 302),
('8968', 'เด็กชายเกียรติภูมิ', 'จันทร์พร้อย', 303),
('8969', 'เด็กชายจักรพงศ์', 'แช่มชื่น', 303),
('8970', 'เด็กชายณัฐพล', 'มุตะ', 303),
('8971', 'เด็กชายทินภัทร', 'สินธู', 303),
('8974', 'เด็กชายปวริศร์', 'นามตาปี', 303),
('8975', 'เด็กชายพงศกร', 'กุณา', 303),
('8976', 'เด็กชายพลวัต', 'จตุรงค์ศักดิ์', 303),
('8980', 'เด็กชายศิวภัทร', 'จันทร์ทัน', 303),
('8981', 'เด็กชายศุภพัฒชัย', 'แก่นแก้ว', 303),
('8982', 'เด็กชายสราวุธ', 'จินดา', 303),
('8984', 'เด็กชายอัจฉริยะ', 'พวงเพชร', 303),
('8985', 'เด็กหญิงกรกนก', 'เจริญภักดี', 303),
('8986', 'เด็กหญิงกัญญารัตน์', 'หนูชูชาติ', 303),
('8987', 'เด็กหญิงเกวลิน', 'ศรีสว่าง', 303),
('8988', 'เด็กหญิงจันททมาศ', 'แก้วเฮือง', 303),
('8989', 'เด็กหญิงจิราวรรณ', 'พิทักษ์', 303),
('8991', 'เด็กหญิงชลิศา', 'พัฒน์ชู', 303),
('8992', 'เด็กหญิงฑิตตา', 'สมบูรณ์', 303),
('8993', 'เด็กหญิงณิชารีย์', 'เกตุแก้ว', 303),
('8995', 'เด็กหญิงบุศรินทร์', 'แซ่ตั้ง', 303),
('8996', 'เด็กหญิงเบญจวรรณ', 'ศรีราคำ', 303),
('8997', 'เด็กหญิงพิมนิภา', 'ทัศนาบูรณ์', 303),
('8998', 'เด็กหญิงพิมพิศา', 'สมรักษา', 303),
('8999', 'เด็กหญิงมณีวรรณ', 'จินดา', 303),
('9000', 'เด็กหญิงรุ่งนภา', 'ทองสุข', 303),
('9001', 'เด็กหญิงวาสนา', 'มานะชำนิ', 303),
('9002', 'เด็กหญิงวิไลลักษณ์', 'วิรุณ', 303),
('9003', 'เด็กหญิงศรสุดา', 'คำหวาน', 303),
('9005', 'เด็กหญิงสุพัตรา', 'ไชชนะ', 303),
('9006', 'เด็กหญิงอรัญญา', 'เปรมประชา', 303),
('9007', 'เด็กหญิงอริยวรรณ', 'มีหวัง', 303),
('9239', 'เด็กหญิงสริดา', 'ชัยรัตน์', 303),
('9569', 'เด็กหญิงปาลีนี', 'เจริญกุล', 303),
('9590', 'เด็กหญิงจิราพร', 'จอมพล', 303),
('9591', 'เด็กหญิงอัจฉรา', 'นักว่อน', 303),
('9008', 'เด็กชายชาญชัย', 'เมฆจินดา', 304),
('9010', 'เด็กชายธนายุทธ', 'ถื่นมะเดื่อ', 304),
('9012', 'เด็กชายประดิษฐ์ชัย', 'เสาว์ครุฑ', 304),
('9013', 'เด็กชายปิยะเทพ', 'ทองน้อย', 304),
('9014', 'เด็กชายวิทชเดช', 'โกละกะ', 304),
('9015', 'เด็กชายวิสิษฐศักดิ์', 'ขวัญเทพ', 304),
('9016', 'เด็กชายศุภณัฐ', 'คุ้มประยูร', 304),
('9017', 'เด็กชายสรายุทธ', 'มิตรเจริญเวช', 304),
('9018', 'เด็กชายเสถียรพงษ์', 'สุขอ่อน', 304),
('9019', 'เด็กชายอรรณพ', 'บ้วแก้ว', 304),
('9020', 'เด็กหญิงกมลชนก', 'พรหมฤทธิ์', 304),
('9022', 'เด็กหญิงกุลณัฐ', 'ศิริกาญจน์', 304),
('9023', 'เด็กหญิงเกศินี', 'ศรีพุฒ', 304),
('9024', 'เด็กหญิงจันจิรา', 'ไชยชนะ', 304),
('9025', 'เด็กหญิงจิตติมา', 'นาคเสน', 304),
('9026', 'เด็กหญิงจุฬาวดี', 'แรกรุ่น', 304),
('9027', 'เด็กหญิงชฎาภรณ์', 'จันทร์พร้อย', 304),
('9028', 'เด็กหญิงชไมพร', 'คำภูแสน', 304),
('9030', 'เด็กหญิงทิพวรรณ', 'พิบูลย์', 304),
('9031', 'เด็กหญิงปภาวดี', 'สาริกขา', 304),
('9032', 'เด็กหญิงประภาพร', 'เจริญวิริยะภาพ', 304),
('9034', 'เด็กหญิงมิ้น', 'อิ้นนวล', 304),
('9035', 'เด็กหญิงรจนา', 'ยอดอินทร์', 304),
('9036', 'เด็กหญิงวรรณดา', 'ถิ่นพระบาท', 304),
('9037', 'เด็กหญิงวรรธิดา', 'กระบิล', 304),
('9039', 'เด็กหญิงวาสนา', 'แสงชาติ', 304),
('9041', 'เด็กหญิงศุภลักษณ์', 'ทองขาว', 304),
('9042', 'เด็กหญิงสุดารัตน์', 'รักชาติ', 304),
('9043', 'เด็กหญิงสุดารัตน์', 'สมรักษา', 304),
('9044', 'เด็กหญิงสุทัตตา', 'บุญเกิด', 304),
('9045', 'เด็กหญิงอรสา', 'พรมทอง', 304),
('9046', 'เด็กหญิงอังคณา', 'ขุนทองขาว', 304),
('9209', 'เด็กหญิงชนาการ', 'มากช่วย', 304),
('9214', 'เด็กชายอมรเทพ', 'ลีพล', 304),
('9573', 'เด็กหญิงนภาวรรณ', 'ถิ่นพระบาท', 304),
('9047', 'เด็กชายกษิดิศ', 'จันทรขนิษฐ์', 305),
('9048', 'เด็กชายกิติศักดิ์', 'คงษา', 305),
('9049', 'เด็กชายคมกริช', 'ตันตินันท์', 305),
('9050', 'เด็กชายเจริญพร', 'จันทร์แจ่ม', 305),
('9051', 'เด็กชายชิษณุพงษ์', 'เฮนะเกษตร', 305),
('9052', 'เด็กชายธนันธร', 'ศรีกิ้มซิ้ว', 305),
('9054', 'เด็กชายนฤเดช', 'พรมเยาว์', 305),
('9055', 'เด็กชายปฐมพงษ์', 'ศิริบรรณพิทักษ์', 305),
('9057', 'เด็กชายพิพัฒน์พงษ์', 'มณีวรรณ', 305),
('9058', 'เด็กชายพิสิทธิ์', 'คงอุดหนุน', 305),
('9059', 'เด็กชายพีรพัฒน์', 'คุณวงศ์', 305),
('9060', 'เด็กชายวรวิทย์', 'ชูสม', 305),
('9061', 'เด็กชายวันชัย', 'เงินนุช', 305),
('9062', 'เด็กชายวิสิทธิ์พล', 'เพชรนิล', 305),
('9063', 'เด็กชายสุภสรรค์', 'ทองประดิษฐ์', 305),
('9064', 'เด็กชายสุวิจักษณ์', 'แก้วขาว', 305),
('9065', 'เด็กชายอภิชาติ', 'รักชาติ', 305),
('9066', 'เด็กชายอานนท์', 'สามงามพุ่ม', 305),
('9067', 'เด็กหญิงพิมพ์ชนก', 'กิจเวชวิสุทธิ์', 305),
('9068', 'เด็กหญิงกรกนก', 'กาญจนะสุภาภรณ์', 305),
('9069', 'เด็กหญิงชาลิสา', 'ฮั่นสกุล', 305),
('9070', 'เด็กหญิงธมลวรรณ', 'โชติรัตน์', 305),
('9072', 'เด็กหญิงเนตรดาว', 'พรมเยาว์', 305),
('9074', 'เด็กหญิงเปรมฤดี', 'จันทร์รอด', 305),
('9075', 'เด็กหญิงพัชราภา', 'พุทธกาล', 305),
('9076', 'เด็กหญิงพิมพิศา', 'ณะจันทร์', 305),
('9077', 'เด็กหญิงภัทรวดี', 'เมืองราช', 305),
('9079', 'เด็กหญิงลักษมี', 'พลภักดี', 305),
('9080', 'เด็กหญิงศราวดี', 'วิรุณ', 305),
('9081', 'เด็กหญิงศิริลักษณ์', 'คล้ายทิพย์', 305),
('9082', 'เด็กหญิงสิริรัตน์', 'นาคกุล', 305),
('9083', 'เด็กหญิงสุชาดา', 'ชมเช้า', 305),
('9084', 'เด็กหญิงสุพัตรา', 'หัสพันธ์', 305),
('9085', 'เด็กหญิงอาริษา', 'พันแพง', 305),
('9210', 'เด็กหญิงภิทราวดี', 'ชิงโส', 305),
('9246', 'เด็กชายธนรงค์', 'ทองสาร', 305),
('9561', 'เด็กหญิงวนิดา', 'วรรณจันทร์', 305),
('9572', 'เด็กชายณรงค์ฤทธิ์', 'ธราพร', 305),
('9086', 'เด็กชายเกียรติชัย', 'สุพรรณ', 306),
('9087', 'เด็กชายชยทรรศน์', 'ชูทอง', 306),
('9088', 'เด็กชายชาญวิทย์', 'เมฆจินดา', 306),
('9090', 'เด็กชายแทนไท', 'ศรีนวล', 306),
('9091', 'เด็กชายธนพล', 'ชุมมะณี', 306),
('9092', 'เด็กชายธนวัฒน์', 'สุขอ่อน', 306),
('9093', 'เด็กชายนนทิยุต', 'วิจิตร', 306),
('9094', 'เด็กชายนฤพนธ์', 'พรมศรี', 306),
('9096', 'เด็กชายบูรพา', 'คงกุ่ย', 306),
('9097', 'เด็กชายปุรเชษฐ์', 'เจริญกุล', 306),
('9098', 'เด็กชายพรพิพัฒน์', 'แก้วมรกต', 306),
('9100', 'เด็กชายภัคธร', 'จิตรธรรม', 306),
('9101', 'เด็กชายเริงศักดิ์', 'มีจิตร', 306),
('9102', 'เด็กชายวรวิทย์', 'บุญญะ', 306),
('9103', 'เด็กชายวิทวัส', 'วรรณบุรี', 306),
('9104', 'เด็กชายศิวกร', 'ปานแดง', 306),
('9105', 'เด็กชายสัภยา', 'โกละกะ', 306),
('9106', 'เด็กชายสุธี', 'นุ่นทอง', 306),
('9108', 'เด็กชายเอกตะวัน', 'รักษ์แก้ว', 306),
('9109', 'เด็กหญิงกัญญารัตน์', 'หนูนิล', 306),
('9110', 'เด็กหญิงณวรรณทิพย์', 'ทาชุมพร', 306),
('9111', 'เด็กหญิงณัฏฐธิดา', 'ทิพย์เกิด', 306),
('9113', 'เด็กหญิงทิพวัลย์', 'มะลิวรรณ', 306),
('9114', 'เด็กหญิงธฤทัย', 'รักษายศ', 306),
('9115', 'เด็กหญิงนันธกานต์', 'ปลอดอ่อน', 306),
('9116', 'เด็กหญิงปรียา', 'แข็งมาก', 306),
('9118', 'เด็กหญิงภัทราวดี', 'ยอดมณี', 306),
('9120', 'เด็กหญิงรัตติกาล', 'เกิดรักษ์', 306),
('9122', 'เด็กหญิงสติญา', 'ตะปาน', 306),
('9124', 'เด็กหญิงอริษา', 'ทองสุข', 306),
('9125', 'เด็กหญิงอลิษา', 'แก้วงาม', 306),
('9266', 'เด็กชายเฉลิมชัย', 'เฉลิมพิพัฒน์', 306),
('9562', 'เด็กชายจักรกฤษ', 'ศรีระจันทร์', 306),
('8977', 'เด็กชายภัสกรณ์', 'แซ่ลิ้ม', 306),
('9128', 'เด็กชายเกียรติศักดิ์', 'ขุนธน', 307),
('9130', 'เด็กชายจิรศักดิ์', 'ช่วยเพ็ง', 307),
('9133', 'เด็กชายชุติพงศ์', 'ศรีสวัสดิ์', 307),
('9134', 'เด็กชายณัฏพล', 'เมืองขำ', 307),
('9135', 'เด็กชายณัฐชนนท์', 'ช่วยรักษา', 307),
('9136', 'เด็กชายณัฐภัทร', 'คงมาก', 307),
('9138', 'เด็กชายณัฐวุฒิ', 'มากสี', 307),
('9141', 'เด็กชายธนกฤต', 'แซ่ว่อง', 307),
('9142', 'เด็กชายธนกฤต', 'เพชรทอง', 307),
('9145', 'เด็กชายปิยพัทธ์', 'พิรัตน์', 307),
('9146', 'เด็กชายปุณณัตถ์', 'ปทีปกร', 307),
('9147', 'เด็กชายพรเทพ', 'ศรีสงคราม', 307),
('9148', 'เด็กชายพลพัฒน์', 'ประดับ', 307),
('9149', 'เด็กชายภาสกร', 'ทองอินทร์', 307),
('9153', 'เด็กชายวิทยา', 'เลาลาศ', 307),
('9154', 'เด็กชายวุฒิชัย', 'ยอดสร้อย', 307),
('9156', 'เด็กชายสุขสรรค์', 'ยอดดนตรี', 307),
('9158', 'เด็กชายอนุรักษ์', 'กลับกุล', 307),
('9160', 'เด็กหญิงกมลวรรณ', 'พัฒน์แดง', 307),
('9162', 'เด็กหญิงชาลิณี', 'บุญมาก', 307),
('9163', 'เด็กหญิงพรประภา', 'พัฒชู', 307),
('9165', 'เด็กหญิงวนิดา', 'ไทยเสน', 307),
('9244', 'เด็กหญิงพิมพ์พร', 'เพ็ชรน้อย', 307),
('8550', 'เด็กชายณัชพล', 'ปุริสาร', 307);

-- --------------------------------------------------------

--
-- Table structure for table `subject`
--

CREATE TABLE `subject` (
  `subjectID` varchar(255) CHARACTER SET utf8 COLLATE utf8_bin NOT NULL,
  `subject` varchar(255) CHARACTER SET utf8 COLLATE utf8_bin NOT NULL,
  `class` varchar(11) NOT NULL,
  `teacherID` int(11) NOT NULL,
  `update` datetime NOT NULL
) ENGINE=MyISAM DEFAULT CHARSET=latin1;

--
-- Dumping data for table `subject`
--

INSERT INTO `subject` (`subjectID`, `subject`, `class`, `teacherID`, `update`) VALUES
('อ31101', 'ภาษาอังกฤษ', '3/4', 40001, '2017-08-15 17:14:10'),
('อ31101', 'ภาษาอังกฤษ', '1/1', 40001, '2017-08-15 16:23:47'),
('อ32201', 'ภาษาอังกฤษ', '1/4', 40001, '2017-08-15 17:15:09');

-- --------------------------------------------------------

--
-- Table structure for table `teacher`
--

CREATE TABLE `teacher` (
  `teacherID` int(11) NOT NULL,
  `teacherName` varchar(255) CHARACTER SET utf8 COLLATE utf8_bin NOT NULL,
  `teacherLastname` varchar(255) CHARACTER SET utf8 COLLATE utf8_bin NOT NULL,
  `teacherPhone` varchar(255) CHARACTER SET utf8 COLLATE utf8_bin NOT NULL,
  `classID` int(11) NOT NULL,
  `userID` int(11) NOT NULL
) ENGINE=MyISAM DEFAULT CHARSET=latin1;

--
-- Dumping data for table `teacher`
--

INSERT INTO `teacher` (`teacherID`, `teacherName`, `teacherLastname`, `teacherPhone`, `classID`, `userID`) VALUES
(40001, 'ธนวัฒน์', 'มีชัย', '0810851004', 401, 30002);

-- --------------------------------------------------------

--
-- Table structure for table `typeattendance`
--

CREATE TABLE `typeattendance` (
  `typeAttendanceID` int(11) NOT NULL,
  `typeAttendance` varchar(255) CHARACTER SET utf8 COLLATE utf8_bin NOT NULL
) ENGINE=MyISAM DEFAULT CHARSET=latin1;

--
-- Dumping data for table `typeattendance`
--

INSERT INTO `typeattendance` (`typeAttendanceID`, `typeAttendance`) VALUES
(10001, 'มา'),
(10002, 'ลาป่วย'),
(10003, 'ลากิจ'),
(10004, 'ขาด');

-- --------------------------------------------------------

--
-- Table structure for table `typecheckinout`
--

CREATE TABLE `typecheckinout` (
  `typeCheckInOutID` int(11) NOT NULL,
  `typeCheckInOut` varchar(255) CHARACTER SET utf8 COLLATE utf8_bin NOT NULL
) ENGINE=MyISAM DEFAULT CHARSET=latin1;

-- --------------------------------------------------------

--
-- Table structure for table `user`
--

CREATE TABLE `user` (
  `userID` int(11) NOT NULL,
  `user` varchar(255) NOT NULL,
  `password` varchar(255) NOT NULL,
  `typeUser` varchar(255) CHARACTER SET utf8 COLLATE utf8_bin NOT NULL
) ENGINE=MyISAM DEFAULT CHARSET=latin1;

--
-- Dumping data for table `user`
--

INSERT INTO `user` (`userID`, `user`, `password`, `typeUser`) VALUES
(30001, 'admin', 'admin1234', 'ผู้ดูแลระบบ'),
(30002, 'gapom', 'Ga.pom1539', 'อาจารย์');

--
-- Indexes for dumped tables
--

--
-- Indexes for table `checkattendance`
--
ALTER TABLE `checkattendance`
  ADD PRIMARY KEY (`checkAttendanceID`);

--
-- Indexes for table `checkinout`
--
ALTER TABLE `checkinout`
  ADD PRIMARY KEY (`checkInOutID`);

--
-- Indexes for table `class`
--
ALTER TABLE `class`
  ADD PRIMARY KEY (`classID`);

--
-- Indexes for table `student`
--
ALTER TABLE `student`
  ADD PRIMARY KEY (`studentID`);

--
-- Indexes for table `teacher`
--
ALTER TABLE `teacher`
  ADD PRIMARY KEY (`teacherID`);

--
-- Indexes for table `typeattendance`
--
ALTER TABLE `typeattendance`
  ADD PRIMARY KEY (`typeAttendanceID`);

--
-- Indexes for table `typecheckinout`
--
ALTER TABLE `typecheckinout`
  ADD PRIMARY KEY (`typeCheckInOutID`);

--
-- Indexes for table `user`
--
ALTER TABLE `user`
  ADD PRIMARY KEY (`userID`);

--
-- AUTO_INCREMENT for dumped tables
--

--
-- AUTO_INCREMENT for table `checkattendance`
--
ALTER TABLE `checkattendance`
  MODIFY `checkAttendanceID` int(11) NOT NULL AUTO_INCREMENT, AUTO_INCREMENT=50321;
--
-- AUTO_INCREMENT for table `checkinout`
--
ALTER TABLE `checkinout`
  MODIFY `checkInOutID` int(11) NOT NULL AUTO_INCREMENT;
--
-- AUTO_INCREMENT for table `teacher`
--
ALTER TABLE `teacher`
  MODIFY `teacherID` int(11) NOT NULL AUTO_INCREMENT, AUTO_INCREMENT=40002;
--
-- AUTO_INCREMENT for table `typeattendance`
--
ALTER TABLE `typeattendance`
  MODIFY `typeAttendanceID` int(11) NOT NULL AUTO_INCREMENT, AUTO_INCREMENT=10005;
--
-- AUTO_INCREMENT for table `typecheckinout`
--
ALTER TABLE `typecheckinout`
  MODIFY `typeCheckInOutID` int(11) NOT NULL AUTO_INCREMENT;
--
-- AUTO_INCREMENT for table `user`
--
ALTER TABLE `user`
  MODIFY `userID` int(11) NOT NULL AUTO_INCREMENT, AUTO_INCREMENT=30003;
/*!40101 SET CHARACTER_SET_CLIENT=@OLD_CHARACTER_SET_CLIENT */;
/*!40101 SET CHARACTER_SET_RESULTS=@OLD_CHARACTER_SET_RESULTS */;
/*!40101 SET COLLATION_CONNECTION=@OLD_COLLATION_CONNECTION */;
